Region:,Comuna:
Arica y Parinacota,Arica
Arica y Parinacota,Camarones
Arica y Parinacota,General Lagos
Arica y Parinacota,Putre
Tarapacá,Alto Hospicio
Tarapacá,Camiña
Tarapacá,Colchane
Tarapacá,Huara
Tarapacá,Iquique
Tarapacá,Pica
Tarapacá,Pozo Almonte
Antofagasta,Antofagasta
Antofagasta,Calama
Antofagasta,María Elena
Antofagasta,Mejillones
Antofagasta,Ollague
Antofagasta,San Pedro de Atacama
Antofagasta,Sierra Gorda
Antofagasta,Taltal
Antofagasta,Tocopilla
Atacama,Alto del Carmen
Atacama,Caldera
Atacama,Chañaral
Atacama,Copiapó
Atacama,Diego de Almagro
Atacama,Freirina
Atacama,Huasco
Atacama,Tierra Amarilla
Atacama,Vallenar
Coquimbo,Andacollo
Coquimbo,Canela
Coquimbo,Combarbalá
Coquimbo,Coquimbo
Coquimbo,Illapel
Coquimbo,La Higuera
Coquimbo,La Serena
Coquimbo,Los Vilos
Coquimbo,Monte Patria
Coquimbo,Ovalle
Coquimbo,Paihuaco
Coquimbo,Punitaqui
Coquimbo,Río Hurtado
Coquimbo,Salamanca
Coquimbo,Vicuña
Valparaiso,Algarrobo
Valparaiso,Calle Larga
Valparaiso,Cartagena
Valparaiso,Casablanca
Valparaiso,Catemu
Valparaiso,Concón
Valparaiso,El Quisco
Valparaiso,El Tabo
Valparaiso,Hijuelas
Valparaiso,Isla de Pascua
Valparaiso,Juan Fernández
Valparaiso,La Calera
Valparaiso,La Cruz
Valparaiso,La Ligua
Valparaiso,Limache
Valparaiso,Llaillay
Valparaiso,Los Andes
Valparaiso,Nogales
Valparaiso,Olmué
Valparaiso,Panquehue
Valparaiso,Papudo
Valparaiso,Petorca
Valparaiso,Puchuncaví
Valparaiso,Putaendo
Valparaiso,Quillota
Valparaiso,Quilpué
Valparaiso,Quintero
Valparaiso,Rinconada
Valparaiso,San Antonio
Valparaiso,San Esteban
Valparaiso,San Felipe
Valparaiso,Santa María
Valparaiso,Santo Domingo
Valparaiso,Valparaíso
Valparaiso,Villa Alemana
Valparaiso,Viña del Mar
Valparaiso,Zapallar
Metropolitana de Santiago,Alhué
Metropolitana de Santiago,Buin
Metropolitana de Santiago,Calera de Tango
Metropolitana de Santiago,Cerrillos
Metropolitana de Santiago,Cerro Navia
Metropolitana de Santiago,Colina
Metropolitana de Santiago,Conchalí
Metropolitana de Santiago,Curacaví
Metropolitana de Santiago,El Bosque
Metropolitana de Santiago,El Monte
Metropolitana de Santiago,Estación Central
Metropolitana de Santiago,Huechuraba
Metropolitana de Santiago,Independencia
Metropolitana de Santiago,Isla de Maipo
Metropolitana de Santiago,La Cisterna
Metropolitana de Santiago,La Florida
Metropolitana de Santiago,La Granja
Metropolitana de Santiago,La Pintana
Metropolitana de Santiago,La Reina
Metropolitana de Santiago,Lampa
Metropolitana de Santiago,Las Condes
Metropolitana de Santiago,Lo Barnechea
Metropolitana de Santiago,Lo Espejo
Metropolitana de Santiago,Lo Prado
Metropolitana de Santiago,Macul
Metropolitana de Santiago,Maipú
Metropolitana de Santiago,María Pinto
Metropolitana de Santiago,Melipilla
Metropolitana de Santiago,Padre Hurtado
Metropolitana de Santiago,Paine
Metropolitana de Santiago,Pedro Aguirre Cerda
Metropolitana de Santiago,Peñaflor
Metropolitana de Santiago,Peñalolén
Metropolitana de Santiago,Pirque
Metropolitana de Santiago,Providencia
Metropolitana de Santiago,Pudahuel
Metropolitana de Santiago,Puente Alto
Metropolitana de Santiago,Quilicura
Metropolitana de Santiago,Quinta Normal
Metropolitana de Santiago,Recoleta
Metropolitana de Santiago,Renca
Metropolitana de Santiago,San Bernardo
Metropolitana de Santiago,San Joaquín
Metropolitana de Santiago,San José de Maipo
Metropolitana de Santiago,San Miguel
Metropolitana de Santiago,San Pedro
Metropolitana de Santiago,San Ramón
Metropolitana de Santiago,Santiago
Metropolitana de Santiago,Talagante
Metropolitana de Santiago,Tiltil
Metropolitana de Santiago,Vitacura
Metropolitana de Santiago,Ñuñoa
Libertador General Bernardo O\Higgins,Chimbarongo
Libertador General Bernardo O\Higgins,Chépica
Libertador General Bernardo O\Higgins,Codegua
Libertador General Bernardo O\Higgins,Coltauco
Libertador General Bernardo O\Higgins,Coínco
Libertador General Bernardo O\Higgins,Doñihue
Libertador General Bernardo O\Higgins,Graneros
Libertador General Bernardo O\Higgins,La Estrella
Libertador General Bernardo O\Higgins,Las Cabras
Libertador General Bernardo O\Higgins,Litueche
Libertador General Bernardo O\Higgins,Lolol
Libertador General Bernardo O\Higgins,Machalí
Libertador General Bernardo O\Higgins,Malloa
Libertador General Bernardo O\Higgins,Marchihue
Libertador General Bernardo O\Higgins,Mostazal
Libertador General Bernardo O\Higgins,Nancagua
Libertador General Bernardo O\Higgins,Navidad
Libertador General Bernardo O\Higgins,Olivar
Libertador General Bernardo O\Higgins,Palmilla
Libertador General Bernardo O\Higgins,Peralillo
Libertador General Bernardo O\Higgins,Peredones
Libertador General Bernardo O\Higgins,Peumo
Libertador General Bernardo O\Higgins,Pichidegua
Libertador General Bernardo O\Higgins,Pichilemu
Libertador General Bernardo O\Higgins,Placilla
Libertador General Bernardo O\Higgins,Pumanque
Libertador General Bernardo O\Higgins,Quinta de Tilcoco
Libertador General Bernardo O\Higgins,Rancagua
Libertador General Bernardo O\Higgins,Rengo
Libertador General Bernardo O\Higgins,Requínoa
Libertador General Bernardo O\Higgins,San Fernando
Libertador General Bernardo O\Higgins,San Vicente de Tagua Tagua
Libertador General Bernardo O\Higgins,Santa Cruz
Maule,Cauquenes
Maule,Chanco
Maule,Colbún
Maule,Constitución
Maule,Curepto
Maule,Curicó
Maule,Empedrado
Maule,Hualañé
Maule,Licantén
Maule,Linares
Maule,Longaví
Maule,Maule
Maule,Molina
Maule,Parral
Maule,Pelarco
Maule,Pelluhue
Maule,Pencahue
Maule,Rauco
Maule,Retiro
Maule,Romeral
Maule,Río Claro
Maule,Sagrada Familia
Maule,San Clemente
Maule,San Javier
Maule,San Rafael
Maule,Talca
Maule,Teno
Maule,Vichuquén
Maule,Villa Alegre
Maule,Yerbas Buenas
Biobío,Alto Biobío
Biobío,Antuco
Biobío,Arauco
Biobío,Bulnes
Biobío,Cabrero
Biobío,Cañete
Biobío,Chiguayante
Biobío,Chillán
Biobío,Chillán Viejo
Biobío,Cobquecura
Biobío,Coelemu
Biobío,Coihueco
Biobío,Concepción
Biobío,Contulmo
Biobío,Coronel
Biobío,Curanilahue
Biobío,El Carmen
Biobío,Florida
Biobío,Hualpén
Biobío,Hualqui
Biobío,Laja
Biobío,Lebu
Biobío,Los Álamos
Biobío,Los Ángeles
Biobío,Lota
Biobío,Mulchén
Biobío,Nacimiento
Biobío,Negrete
Biobío,Ninhue
Biobío,Pemuco
Biobío,Penco
Biobío,Pinto
Biobío,Portezuelo
Biobío,Quilaco
Biobío,Quilleco
Biobío,Quillón
Biobío,Quirihue
Biobío,Ránquil
Biobío,San Carlos
Biobío,San Fabián
Biobío,San Ignacio
Biobío,San Nicolás
Biobío,San Pedro de La Paz
Biobío,San Rosendo
Biobío,Santa Bárbara
Biobío,Santa Juana
Biobío,Talcahuano
Biobío,Tirúa
Biobío,Tomé
Biobío,Treguaco
Biobío,Tucapel
Biobío,Yumbel
Biobío,Yungay
Biobío,Ñiquen
La Araucanía,Angol
La Araucanía,Carahue
La Araucanía,Cholchol
La Araucanía,Collipulli
La Araucanía,Cunco
La Araucanía,Curacautín
La Araucanía,Curarrehue
La Araucanía,Ercilla
La Araucanía,Freire
La Araucanía,Galvarino
La Araucanía,Gorbea
La Araucanía,Lautaro
La Araucanía,Loncoche
La Araucanía,Lonquimay
La Araucanía,Los Sauces
La Araucanía,Lumaco
La Araucanía,Melipeuco
La Araucanía,Nueva Imperial
La Araucanía,Padre Las Casas
La Araucanía,Perquenco
La Araucanía,Pitrufquén
La Araucanía,Pucón
La Araucanía,Purén
La Araucanía,Renaico
La Araucanía,Saavedra
La Araucanía,Temuco
La Araucanía,Teodoro Schmidt
La Araucanía,Toltén
La Araucanía,Traiguén
La Araucanía,Victoria
La Araucanía,Vilcún
La Araucanía,Villarrica
Los Ríos,Corral
Los Ríos,Futrono
Los Ríos,La Unión
Los Ríos,Lago Ranco
Los Ríos,Lanco
Los Ríos,Los Lagos
Los Ríos,Mariquina
Los Ríos,Máfil
Los Ríos,Paillaco
Los Ríos,Panguipulli
Los Ríos,Río Bueno
Los Ríos,Valdivia
Los Lagos,Ancud
Los Lagos,Calbuco
Los Lagos,Castro
Los Lagos,Chaitén
Los Lagos,Chonchi
Los Lagos,Cochamó
Los Lagos,Curaco de Vélez
Los Lagos,Dalcahue
Los Lagos,Fresia
Los Lagos,Frutillar
Los Lagos,Futaleufú
Los Lagos,Hualaihué
Los Lagos,Llanquihue
Los Lagos,Los Muermos
Los Lagos,Maullín
Los Lagos,Osorno
Los Lagos,Palena
Los Lagos,Puero Octay
Los Lagos,Puerto Montt
Los Lagos,Puerto Varas
Los Lagos,Puqueldón
Los Lagos,Purranque
Los Lagos,Puyehue
Los Lagos,Queilén
Los Lagos,Quellón
Los Lagos,Quemchi
Los Lagos,Quinchao
Los Lagos,Río Negro
Los Lagos,San Juan de la Costa
Los Lagos,San Pablo
Aisén del General Carlos Ibáñez del Campo,Aisén
Aisén del General Carlos Ibáñez del Campo,Chile Chico
Aisén del General Carlos Ibáñez del Campo,Cisnes
Aisén del General Carlos Ibáñez del Campo,Cochrane
Aisén del General Carlos Ibáñez del Campo,Coihaique
Aisén del General Carlos Ibáñez del Campo,Guaitecas
Aisén del General Carlos Ibáñez del Campo,Lago Verde
Aisén del General Carlos Ibáñez del Campo,O\higgins
Aisén del General Carlos Ibáñez del Campo,Río Ibáñez
Aisén del General Carlos Ibáñez del Campo,Tortel
Magallanes y de la Antártica Chilena,Antártica
Magallanes y de la Antártica Chilena,Cabo de Hornos
Magallanes y de la Antártica Chilena,Laguna Blanca
Magallanes y de la Antártica Chilena,Natales
Magallanes y de la Antártica Chilena,Porvenir
Magallanes y de la Antártica Chilena,Primavera
Magallanes y de la Antártica Chilena,Punta Arenas
Magallanes y de la Antártica Chilena,Río Verde
Magallanes y de la Antártica Chilena,San Gregorio
Magallanes y de la Antártica Chilena,Timaukel
Magallanes y de la Antártica Chilena,Torres del Paine
